epoch,steps,cos_sim-Accuracy@1,cos_sim-Accuracy@3,cos_sim-Accuracy@5,cos_sim-Accuracy@10,cos_sim-Precision@1,cos_sim-Recall@1,cos_sim-Precision@3,cos_sim-Recall@3,cos_sim-Precision@5,cos_sim-Recall@5,cos_sim-Precision@10,cos_sim-Recall@10,cos_sim-MRR@10,cos_sim-NDCG@10,cos_sim-MAP@100
-1,-1,0.3304101838755304,0.5210749646393211,0.5813295615275813,0.6554455445544555,0.3304101838755304,0.3304101838755304,0.1736916548797737,0.5210749646393211,0.11626591230551626,0.5813295615275813,0.06554455445544555,0.6554455445544555,0.4390265148963868,0.4913085176132983,0.44729870263063226
-1,-1,0.336160588068985,0.5089058524173028,0.5767599660729432,0.6610121571953633,0.336160588068985,0.336160588068985,0.16963528413910092,0.5089058524173028,0.11535199321458862,0.5767599660729432,0.06610121571953632,0.6610121571953633,0.4403639978279504,0.4934012697434526,0.4487211746985176
-1,-1,0.336160588068985,0.5089058524173028,0.5767599660729432,0.6610121571953633,0.336160588068985,0.336160588068985,0.16963528413910092,0.5089058524173028,0.11535199321458862,0.5767599660729432,0.06610121571953632,0.6610121571953633,0.4403639978279504,0.4934012697434526,0.4487211746985176
-1,-1,0.336160588068985,0.5089058524173028,0.5767599660729432,0.6610121571953633,0.336160588068985,0.336160588068985,0.16963528413910092,0.5089058524173028,0.11535199321458862,0.5767599660729432,0.06610121571953632,0.6610121571953633,0.4403639978279504,0.4934012697434526,0.4487211746985176
