epoch,steps,cos_sim-Accuracy@1,cos_sim-Accuracy@3,cos_sim-Accuracy@5,cos_sim-Accuracy@10,cos_sim-Precision@1,cos_sim-Recall@1,cos_sim-Precision@3,cos_sim-Recall@3,cos_sim-Precision@5,cos_sim-Recall@5,cos_sim-Precision@10,cos_sim-Recall@10,cos_sim-MRR@10,cos_sim-NDCG@10,cos_sim-MAP@100
-1,-1,0.32814710042432815,0.5057991513437058,0.5742574257425742,0.6480905233380481,0.32814710042432815,0.32814710042432815,0.1685997171145686,0.5057991513437058,0.11485148514851483,0.5742574257425742,0.06480905233380481,0.6480905233380481,0.4327240070945865,0.4846636585370128,0.4408440713789635
-1,-1,0.33474696070115917,0.5055131467345207,0.5776081424936387,0.6607294317217981,0.33474696070115917,0.33474696070115917,0.16850438224484027,0.5055131467345207,0.11552162849872773,0.5776081424936387,0.06607294317217981,0.6607294317217981,0.43737597102737036,0.4909805688753214,0.44540775500196245
-1,-1,0.576477240599378,0.757986994628216,0.813401187446989,0.8724908114221092,0.576477240599378,0.576477240599378,0.2526623315427387,0.757986994628216,0.16268023748939775,0.813401187446989,0.08724908114221092,0.8724908114221092,0.6788137646916271,0.7259310440513603,0.6840522505150417
-1,-1,0.576477240599378,0.757986994628216,0.813401187446989,0.8724908114221092,0.576477240599378,0.576477240599378,0.2526623315427387,0.757986994628216,0.16268023748939775,0.813401187446989,0.08724908114221092,0.8724908114221092,0.6788137646916271,0.7259310440513603,0.6840522505150417
