epoch,steps,cosine-Accuracy@1,cosine-Accuracy@3,cosine-Accuracy@5,cosine-Accuracy@10,cosine-Precision@1,cosine-Recall@1,cosine-Precision@3,cosine-Recall@3,cosine-Precision@5,cosine-Recall@5,cosine-Precision@10,cosine-Recall@10,cosine-MRR@10,cosine-NDCG@10,cosine-MAP@100
1.0,221,0.5646027707096409,0.7435679954763924,0.804919423240034,0.8659881255301103,0.5646027707096409,0.5646027707096409,0.24785599849213083,0.7435679954763924,0.16098388464800675,0.804919423240034,0.08659881255301101,0.8659881255301103,0.6677501110707217,0.7158666867815426,0.6727512390496572
2.0,442,0.5739327113372915,0.7560079163132598,0.8131184619734239,0.8699462821600226,0.5739327113372915,0.5739327113372915,0.25200263877108664,0.7560079163132598,0.16262369239468477,0.8131184619734239,0.08699462821600226,0.8699462821600226,0.676583935807854,0.7236774961314821,0.6820127119155698
3.0,663,0.5767599660729432,0.757986994628216,0.813401187446989,0.8724908114221092,0.5767599660729432,0.5767599660729432,0.2526623315427387,0.757986994628216,0.16268023748939775,0.813401187446989,0.08724908114221092,0.8724908114221092,0.678951986034259,0.7260320067533911,0.6841918181694523
